Workbook

Sheet Start Here
B2: Build vs. Buy vs. Automate: TCO Calculator
B3: Companion to Engineering Economics, Part 5. A working five-year total-cost-of-ownership model.
B5: How to use this
B6: 1. Open the 'Calculator' tab.
B7: 2. Edit only the shaded blue cells. Those are your assumptions. Everything else is a formula.
B8: 3. Read the five-year totals and the winner at the bottom. Change an assumption and watch them move.
B9: 4. Use the 'Sensitivity' tab to see whether the decision flips when maintenance is cheaper or more expensive.
B11: The one idea this model exists to enforce
B12: Initial development is roughly 20% of a system's lifetime cost. Maintenance is the other 60-80%.
B13: A build estimate that stops at 'one quarter' has priced about a fifth of the real total. This
B14: model forces the other four-fifths onto the page by making you enter a yearly maintenance number
B15: and multiplying it across the time horizon.
... B30: Blue cells = your inputs. Edit these.

Sheet Calculator
A1: Five-Year TCO Calculator
A2: Edit the blue cells. Totals recalculate automatically.
A4: Shared assumptions
A5: Time horizon (years) | B5: 5
A6: Fully loaded engineer cost ($/year) | B6: 250000 | C6: salary + benefits + tax + overhead
A8: Cost driver | B8: BUILD | C8: BUY | D8: AUTOMATE
A9: Initial build / setup / integration ($) | B9: 125000 | C9: 90000 | D9: 30000
A10: Annual license / subscription (year 1, $) | B10: 0 | C10: 80000 | D10: 0
A11: License annual escalation (%) | B11: 0 | C11: 0.1 | D11: 0
A12: Annual maintenance effort (FTE) | B12: 0.5 | C12: 0.1 | D12: 0.08
A13: One-time switching / exit cost ($) | B13: 0 | C13: 0 | D13: 0
A14: Probability of switching within horizon (%) | B14: 0 | C14: 0.2 | D14: 0
A15: Computed
A16: License total over horizon ($) | B16: =IF(B11=0,B10*$B$5,B10*(1-(1+B11)^$B$5)/(1-(1+B11))) | C16: =IF(C11=0,C10*$B$5,C10*(1-(1+C11)^$B$5)/(1-(1+C11))) | D16: =IF(D11=0,D10*$B$5,D10*(1-(1+D11)^$B$5)/(1-(1+D11)))
A17: Maintenance total over horizon ($) | B17: =B12*$B$6*$B$5 | C17: =C12*$B$6*$B$5 | D17: =D12*$B$6*$B$5
A18: Expected switching cost (prob x cost, $) | B18: =B13*B14 | C18: =C13*C14 | D18: =D13*D14
A19: FIVE-YEAR TOTAL ($) | B19: =B9+B16+B17+B18 | C19: =C9+C16+C17+C18 | D19: =D9+D16+D17+D18
A20: Initial build as % of total | B20: =IF(B19=0,0,B9/B19) | C20: =IF(C19=0,0,C9/C19) | D20: =IF(D19=0,0,D9/D19)
A22: Lowest five-year cost | B22: =INDEX({"BUILD","BUY","AUTOMATE"},MATCH(MIN(B19:D19),B19:D19,0))
A23: Reminder: AUTOMATE often wins on cost because it covers a narrower need. Cheapest is not always enough.
A25: Default values are illustrative, from the article. Replace every blue cell with your own numbers.

Sheet Sensitivity
A1: Sensitivity: does the decision flip?
A2: The maintenance assumption drives the result and is the hardest to predict. This sweeps BUILD maintenance effort and recomputes the five-year totals, holding the Calculator's other inputs fixed. If the winner changes across the rows, maintenance is the assumption that actually matters: spend your estimation effort there.
A4: BUILD maintenance (FTE) | B4: BUILD 5-yr total | C4: BUY 5-yr total | D4: AUTOMATE 5-yr total | E4: Lowest cost
A5: 0.1 | B5: =(Calculator!$B$9+Calculator!$B$16+Calculator!$B$18)+A5*Calculator!$B$6*Calculator!$B$5 | C5: =Calculator!$C$19 | D5: =Calculator!$D$19 | E5: =INDEX({"BUILD","BUY","AUTOMATE"},MATCH(MIN(B5:D5),B5:D5,0))
A6: 0.25 | B6: =(Calculator!$B$9+Calculator!$B$16+Calculator!$B$18)+A6*Calculator!$B$6*Calculator!$B$5 | C6: =Calculator!$C$19 | D6: =Calculator!$D$19 | E6: =INDEX({"BUILD","BUY","AUTOMATE"},MATCH(MIN(B6:D6),B6:D6,0))
A7: 0.5 | B7: =(Calculator!$B$9+Calculator!$B$16+Calculator!$B$18)+A7*Calculator!$B$6*Calculator!$B$5 | C7: =Calculator!$C$19 | D7: =Calculator!$D$19 | E7: =INDEX({"BUILD","BUY","AUTOMATE"},MATCH(MIN(B7:D7),B7:D7,0))
A8: 0.75 | B8: =(Calculator!$B$9+Calculator!$B$16+Calculator!$B$18)+A8*Calculator!$B$6*Calculator!$B$5 | C8: =Calculator!$C$19 | D8: =Calculator!$D$19 | E8: =INDEX({"BUILD","BUY","AUTOMATE"},MATCH(MIN(B8:D8),B8:D8,0))
A9: 1 | B9: =(Calculator!$B$9+Calculator!$B$16+Calculator!$B$18)+A9*Calculator!$B$6*Calculator!$B$5 | C9: =Calculator!$C$19 | D9: =Calculator!$D$19 | E9: =INDEX({"BUILD","BUY","AUTOMATE"},MATCH(MIN(B9:D9),B9:D9,0))
A10: 1.5 | B10: =(Calculator!$B$9+Calculator!$B$16+Calculator!$B$18)+A10*Calculator!$B$6*Calculator!$B$5 | C10: =Calculator!$C$19 | D10: =Calculator!$D$19 | E10: =INDEX({"BUILD","BUY","AUTOMATE"},MATCH(MIN(B10:D10),B10:D10,0))
A11: 2 | B11: =(Calculator!$B$9+Calculator!$B$16+Calculator!$B$18)+A11*Calculator!$B$6*Calculator!$B$5 | C11: =Calculator!$C$19 | D11: =Calculator!$D$19 | E11: =INDEX({"BUILD","BUY","AUTOMATE"},MATCH(MIN(B11:D11),B11:D11,0))
A13: Blue FTE cells are editable. BUY and AUTOMATE columns mirror the Calculator tab, so set those there first.
